{"step": [75, 150, 225, 300, 375, 450, 525, 600, 675, 750, 825, 900, 975, 1050], "loss": [0.3833018085857232, 0.19976316455751658, 0.13465181271183407, 0.10162610273109748, 0.08171896420915921, 0.06833046435779477, 0.058831766953431466, 0.051794778756692875, 0.04673895337127558, 0.04246006700187172, 0.03872591586947734, 0.03558071837939325, 0.03288350271523879, 0.03055260225397476], "nll": [0.3512597324947516, 0.1825281255443891, 0.1229992117996638, 0.09282742720136108, 0.0746477314454193, 0.0624220571859688, 0.05386844550486698, 0.05161408742773346, 0.05855215082462463, 0.06032234009510527, 0.05889786656748391, 0.056449245441342805, 0.05344083351393541, 0.05023411045394217], "penalty": [0.03204207508203884, 0.01723503855910773, 0.011652600611624722, 0.008798675306073468, 0.007071232583092448, 0.005908407020473937, 0.005083493338637969, 0.004760560140440854, 0.004918086060805999, 0.0048136610016384414, 0.004497851033287809, 0.004202532741479041, 0.003917689824881493, 0.0036551655184762022], "target_acc": [62.20412318656147, 60.34614405701196, 60.44795113260371, 60.34614405701196, 62.0259608042759, 58.15729193178926, 57.724611860524305, 49.04555866632731, 64.18936116060067, 64.92746245864087, 64.64749300076355, 68.185288877577, 67.77806057520998, 66.17459913463986]}