{
  "logs": {
    "step": [
      21,
      42,
      63,
      84,
      105,
      126,
      147,
      168,
      189,
      210,
      231,
      252,
      273,
      294,
      315,
      336,
      357,
      378,
      399,
      420
    ],
    "loss": [
      0.9632846911748251,
      0.5983313377059641,
      0.43957894597025143,
      0.340980639614697,
      0.2770842385433969,
      0.23289415278723316,
      0.2005610413830347,
      0.17611690005564706,
      0.15704572204717251,
      0.14175081740554776,
      0.12911557101692955,
      0.11856034264478478,
      0.10964371642863699,
      0.1019336348466835,
      0.09526598316484264,
      0.08941942784475118,
      0.08425817743311596,
      0.07969112963804965,
      0.07557377488749746,
      0.0718555974191986
    ],
    "nll": [
      0.8712861793381828,
      0.5463384153942267,
      0.4026815590286066,
      0.3117412108307083,
      0.2530945926815981,
      0.21259587249600342,
      0.18303345868896162,
      0.16070168351870961,
      0.1432866998529308,
      0.12932207178701424,
      0.11779319423198442,
      0.10816339862815637,
      0.10002811519759996,
      0.0929957335556661,
      0.08691377552625323,
      0.0815805662258797,
      0.07687308435153518,
      0.07270715467859104,
      0.06895153433578159,
      0.06556067305694645
    ],
    "penalty": [
      0.09199850558347646,
      0.051992917971109,
      0.03689738370419022,
      0.02923942633095153,
      0.02398964389382551,
      0.020298278650328044,
      0.017527581273924977,
      0.015415215299851428,
      0.013759021094609693,
      0.012428744630389182,
      0.011322375885939156,
      0.010396943192048754,
      0.009615600469060355,
      0.008937900583195416,
      0.008352206977193303,
      0.007838860999462278,
      0.0073850924990150335,
      0.006983974409382744,
      0.006622240030719011,
      0.006294923867014967
    ],
    "target_acc": [
      47.41664545685925,
      56.68108933570883,
      58.76813438533978,
      58.691779078645965,
      61.23695596843981,
      60.57520997709341,
      61.873250190888264,
      61.567828964113005,
      61.33876304403156,
      62.331382031051156,
      61.51692542631713,
      60.906082972766605,
      59.837108679053195,
      62.10231611096971,
      59.25171799440061,
      60.44795113260371,
      60.600661745991346,
      62.38228556884704,
      59.50623568338,
      58.691779078645965
    ]
  },
  "config": {
    "irm_lambda": 1000,
    "penalty_anneal_iters": 1000
  },
  "best_target_acc": 62.38228556884704
}