{
  "logs": {
    "step": [
      21,
      42,
      63,
      84,
      105,
      126,
      147,
      168,
      189,
      210,
      231,
      252,
      273,
      294,
      315,
      336,
      357,
      378,
      399,
      420
    ],
    "loss": [
      0.9394476002170926,
      0.5929169669037774,
      0.43471048435284976,
      0.3381454915562201,
      0.27488717185776856,
      0.23087831180069654,
      0.19892051430152996,
      0.17476613461206267,
      0.1559517003112921,
      0.14086609350938706,
      0.12837898739496673,
      0.1179478262308135,
      0.1090723889821888,
      0.1014145871590297,
      0.09478951356288726,
      0.08897186057081508,
      0.08383678930178311,
      0.07925783464098078,
      0.07516856071143002,
      0.07151522549476275
    ],
    "nll": [
      0.8535170909904298,
      0.5424586797044391,
      0.39830038726093275,
      0.3092363682531175,
      0.2510187628545931,
      0.21071772992847457,
      0.18149565916894903,
      0.159431373882052,
      0.1422506045752141,
      0.12848701596681383,
      0.11709408942424568,
      0.1075760210621252,
      0.09948040824724641,
      0.09249741979953864,
      0.08645516441624966,
      0.08115119723446523,
      0.07646895255140193,
      0.07229380462846531,
      0.06856518509922628,
      0.06523163051502447
    ],
    "penalty": [
      0.08593050940405755,
      0.05045828726586132,
      0.03641009713256998,
      0.02890912337239743,
      0.02386840901648005,
      0.02016058189208649,
      0.01742485515039959,
      0.01533476074906676,
      0.013701095755865537,
      0.012379077560520575,
      0.011284897987540806,
      0.010371805185723277,
      0.009591980751866309,
      0.00891716737495866,
      0.0083343491612819,
      0.007820663349797368,
      0.007367836763557384,
      0.006964030024921167,
      0.006603375624138865,
      0.006283594993458662
    ],
    "target_acc": [
      41.74090099261899,
      55.25579027742428,
      59.14991091880886,
      65.15652837872233,
      55.40850089081191,
      59.98981929244083,
      60.117078136930516,
      59.20081445660473,
      60.16798167472639,
      57.67370832272843,
      56.757444642402646,
      62.10231611096971,
      61.66963603970476,
      61.18605243064393,
      59.73530160346144,
      58.971748536523286,
      61.61873250190888,
      63.32400101807075,
      62.25502672435734,
      63.17129040468313
    ]
  },
  "config": {
    "irm_lambda": 100,
    "penalty_anneal_iters": 1000
  },
  "best_target_acc": 65.15652837872233
}