{
  "logs": {
    "step": [
      21,
      42,
      63,
      84,
      105,
      126,
      147,
      168,
      189,
      210,
      231,
      252,
      273,
      294,
      315,
      336,
      357,
      378,
      399,
      420
    ],
    "loss": [
      0.948959448507854,
      0.5914653681573414,
      0.43921723240424715,
      0.3413136154413223,
      0.27724557446005443,
      0.2313914412396058,
      0.19861352454307077,
      0.17397584606286337,
      0.15479597520476168,
      0.13943411982590553,
      0.1268400527794898,
      0.11635051746016538,
      0.10749895101480933,
      0.09988586448533318,
      0.09328125396148405,
      0.08750078832149268,
      0.08239711032960569,
      0.07785461594114418,
      0.07379205770721137,
      0.07013790531484465
    ],
    "nll": [
      0.8596809208393097,
      0.5382743229468664,
      0.40107952353973236,
      0.31099424358191236,
      0.25289877918327136,
      0.21275136329322344,
      0.1840429181347088,
      0.16230120608261564,
      0.14542027124050985,
      0.13174848853876547,
      0.12062158762352355,
      0.11139078956607375,
      0.10382284375842347,
      0.09706371333006591,
      0.09132584188695228,
      0.08606150757294104,
      0.08158696382645653,
      0.0775208331203512,
      0.07381503590158559,
      0.07057480328561118
    ],
    "penalty": [
      0.08927852092754274,
      0.053191041895410136,
      0.03813770660642712,
      0.030319370154757053,
      0.024980799583274694,
      0.02115077171234473,
      0.01839039031357574,
      0.01626796708747168,
      0.014599668571328814,
      0.013248741415528847,
      0.012117570065550538,
      0.011180031632113877,
      0.010408496796946646,
      0.009723874842561939,
      0.009122733202567028,
      0.008597739802921535,
      0.00812953862833467,
      0.007708355661687347,
      0.007333963398164008,
      0.006998210530582583
    ],
    "target_acc": [
      43.19165181980148,
      53.14329345889539,
      64.90201068974294,
      66.14914736574192,
      65.0801730720285,
      64.69839653855944,
      65.10562484092644,
      65.81827437006872,
      63.06948332909137,
      61.59328073301094,
      65.79282260117078,
      64.6729447696615,
      63.858488164927465,
      63.3494527869687,
      63.27309748027488,
      63.222193942479,
      63.57851870705014,
      64.77475184525325,
      65.76737083227285,
      65.53830491219139
    ]
  },
  "config": {
    "irm_lambda": 100,
    "penalty_anneal_iters": 100
  },
  "best_target_acc": 66.14914736574192
}