{
  "logs": {
    "step": [
      21,
      42,
      63,
      84,
      105,
      126,
      147,
      168,
      189,
      210,
      231,
      252,
      273,
      294,
      315,
      336,
      357,
      378,
      399,
      420
    ],
    "loss": [
      0.954935439995357,
      0.5951970404102689,
      0.4346227576690061,
      0.33758661501286996,
      0.27553804596619946,
      0.23154696570118033,
      0.19956014999410226,
      0.17534367133824466,
      0.15640816287871787,
      0.14118950635283475,
      0.1286154669972572,
      0.11823369763118939,
      0.10936938664720704,
      0.10171136252786395,
      0.09506396497451952,
      0.0893505846920778,
      0.0842931291955218,
      0.07977970010322573,
      0.07567158313719019,
      0.07195544614334635
    ],
    "nll": [
      0.8656265707243056,
      0.5447645673439616,
      0.39836145529434797,
      0.3090072264007869,
      0.25212961179869514,
      0.2117268414317911,
      0.182435625999355,
      0.1602669084150832,
      0.14294160434867811,
      0.12902831466247638,
      0.11753444182807458,
      0.1080441060397471,
      0.09994175864405752,
      0.09294431513851686,
      0.086871001738981,
      0.08165602897670829,
      0.0770340209627258,
      0.07290853762311772,
      0.06915622448357858,
      0.06576138326518481
    ],
    "penalty": [
      0.0893088751053299,
      0.05043247657106674,
      0.03626130441827829,
      0.028579390261213467,
      0.02340843551674403,
      0.019820125390983847,
      0.017124524947402756,
      0.015076763756561766,
      0.013466559268761162,
      0.012161192354029654,
      0.01108102577119724,
      0.010189592145569993,
      0.009427628514731955,
      0.008767047863175259,
      0.008192963676369151,
      0.0076945561249669395,
      0.007259108620541364,
      0.006871162847409126,
      0.0065153590014169665,
      0.0061940632096507
    ],
    "target_acc": [
      42.30083990837363,
      60.320692288114024,
      61.66963603970476,
      59.938915754644945,
      65.81827437006872,
      59.7098498345635,
      59.58259099007381,
      61.21150419954187,
      62.15321964876559,
      67.14176635276152,
      65.6655637566811,
      62.50954441333673,
      62.48409264443879,
      63.40035632476457,
      64.85110715194706,
      63.75668108933571,
      59.455332145584116,
      59.98981929244083,
      61.00789004835836,
      63.222193942479
    ]
  },
  "config": {
    "irm_lambda": 100,
    "penalty_anneal_iters": 500
  },
  "best_target_acc": 67.14176635276152
}