{
  "logs": {
    "step": [
      21,
      42,
      63,
      84,
      105,
      126,
      147,
      168,
      189,
      210,
      231,
      252,
      273,
      294,
      315,
      336,
      357,
      378,
      399,
      420
    ],
    "loss": [
      0.9705939449015117,
      0.6123983263969421,
      0.44537239462610273,
      0.346035732932034,
      0.2811271611512417,
      0.23618148868933084,
      0.20329025515108085,
      0.178522883646933,
      0.1591956258157672,
      0.1436851575283245,
      0.13088168966376276,
      0.12016626653475834,
      0.11110455291465116,
      0.1033026526276605,
      0.09661164403937403,
      0.09069797815131356,
      0.08546970845708828,
      0.08088254558985619,
      0.0767218301361275,
      0.07296755188879268
    ],
    "nll": [
      0.8791411135877881,
      0.5610035363407362,
      0.4085407072589511,
      0.3168636594921173,
      0.2571089941121283,
      0.21588917707078278,
      0.18578322851859339,
      0.16312467583615908,
      0.14544737987373044,
      0.1312645798604492,
      0.11956636862702329,
      0.10977764258952072,
      0.10149862411373974,
      0.09437229163583596,
      0.08825783820837618,
      0.08285666315905041,
      0.07808202252878498,
      0.07389126504585393,
      0.0700916837735153,
      0.06666321211835435
    ],
    "penalty": [
      0.09145283268853313,
      0.051394790455344175,
      0.03683168781433432,
      0.029172073877860038,
      0.024018167393902938,
      0.020292311908662437,
      0.01750702688056298,
      0.015398208024721714,
      0.013748246137756194,
      0.012420577844577133,
      0.011315321201787156,
      0.010388624096531346,
      0.009605928942592705,
      0.008930361124190054,
      0.008353805956802615,
      0.007841315109338947,
      0.0073876860388183705,
      0.006991280645490319,
      0.006630146458476139,
      0.006304339862349263
    ],
    "target_acc": [
      39.9592771697633,
      58.7172308475439,
      62.38228556884704,
      64.62204123186561,
      62.891320946805806,
      62.66225502672436,
      61.79689488419445,
      60.015271061338765,
      59.68439806566556,
      57.546449478238735,
      60.34614405701196,
      59.25171799440061,
      61.82234665309239,
      59.073555612115044,
      56.32476457113769,
      56.22295749554594,
      59.455332145584116,
      56.50292695342326,
      59.86256044795113,
      60.52430643929753
    ]
  },
  "config": {
    "irm_lambda": 10,
    "penalty_anneal_iters": 1000
  },
  "best_target_acc": 64.62204123186561
}